4c0e115bc700c9b6ce42a3dd,4f892dbee4b0202c05fd808a,1635.4069422614189
4c0e115bc700c9b6ce42a3dd,4b6d75aff964a520bc752ce3,2759.942552710261
4c0e115bc700c9b6ce42a3dd,4dad7b5e316a21694cd5a387,1371.673978964803
4c0e115bc700c9b6ce42a3dd,4bb871ef1261d13a669fe898,1804.52450771691
4c0e115bc700c9b6ce42a3dd,504c7b1ee4b0a3d4a12cef7f,135.0260955035045
4b8cf019f964a52079e132e3,4c684102607ad13a1417a82b,701.6834742942067
4b8cf019f964a52079e132e3,50c72bc5e4b0650838b20633,540.5454639916402
4b8cf019f964a52079e132e3,4f892dbee4b0202c05fd808a,2119.1202816827035
4b8cf019f964a52079e132e3,4bd9c61cd2cbc9289fcfd1ad,46.69339790261095
4b8cf019f964a52079e132e3,4c46eb0a1ddec9289cb49b32,113.22962347792831
4bed1e076e8c20a191e76f61,4c528f79f31a9c740cfa82ea,993.220150088748
4bed1e076e8c20a191e76f61,4bd9a2a767b49c74d2952214,1527.9105766555745
4bed1e076e8c20a191e76f61,4d6ca943129a6ea87ed2e755,827.2606387302191
4bed1e076e8c20a191e76f61,4b549fe8f964a52069c327e3,1427.860187986571
4bed1e076e8c20a191e76f61,4ba0b957f964a520887937e3,842.967332543465
4f892dbee4b0202c05fd808a,4dad7b5e316a21694cd5a387,356.42232422341266
4f892dbee4b0202c05fd808a,4d18e83b6d103704b0b342bd,280.56741638155154
4f892dbee4b0202c05fd808a,4c0bf401bbc676b0a2514cd5,142.08882841537184
4f892dbee4b0202c05fd808a,4b6d75aff964a520bc752ce3,3902.948210777046
4f892dbee4b0202c05fd808a,4c7556dbb474a1cdacf9b8bf,303.4675446959704
4b6d75aff964a520bc752ce3,4b6ff98df964a520fa012de3,8.387813614007536
4b6d75aff964a520bc752ce3,4c666233e75ac928be6cf7da,107.8118149781006
4b6d75aff964a520bc752ce3,4d15b25f25cda143a9786bd6,179.94369409770331
4b6d75aff964a520bc752ce3,4f892dbee4b0202c05fd808a,3902.948210777046
4b6d75aff964a520bc752ce3,4ce9209e0f196dcbd6f949ae,158.8492508100776
4dad7b5e316a21694cd5a387,4f892dbee4b0202c05fd808a,356.42232422341266
4dad7b5e316a21694cd5a387,4f25511ce4b04f6e6a110d1b,343.64061572304064
4dad7b5e316a21694cd5a387,4c0bf401bbc676b0a2514cd5,287.83335002516515
4dad7b5e316a21694cd5a387,4d18e83b6d103704b0b342bd,593.2102827023417
4dad7b5e316a21694cd5a387,4b6d75aff964a520bc752ce3,3821.1363323046767
4bb871ef1261d13a669fe898,4f892dbee4b0202c05fd808a,1837.5679975010232
4bb871ef1261d13a669fe898,4d8368b55ad3a0934edeb9fd,331.70425605510184
4bb871ef1261d13a669fe898,4b6d75aff964a520bc752ce3,2391.2058433039856
4bb871ef1261d13a669fe898,4dad7b5e316a21694cd5a387,1932.627918051187
4bb871ef1261d13a669fe898,4bf54122706e20a17935aa98,766.3869923557556
504c7b1ee4b0a3d4a12cef7f,4f892dbee4b0202c05fd808a,1660.7143051851015
504c7b1ee4b0a3d4a12cef7f,526a5c75498eebe69656a206,115.42588861840588
504c7b1ee4b0a3d4a12cef7f,4d5a7986e092a35d4c150b0c,970.3632075980814
504c7b1ee4b0a3d4a12cef7f,4b6d75aff964a520bc752ce3,2862.207843401978
504c7b1ee4b0a3d4a12cef7f,4bb871ef1261d13a669fe898,1933.9536364435567
4c684102607ad13a1417a82b,4b8cf019f964a52079e132e3,701.6834742942067
4c684102607ad13a1417a82b,57f781ed498e5fcfddc8ed93,337.25267955120734
4c684102607ad13a1417a82b,4c0a1193a1b32d7fadc498f0,450.9795407726654
4c684102607ad13a1417a82b,4f892dbee4b0202c05fd808a,2819.406983766516
4c684102607ad13a1417a82b,4fc242e5e4b0730dec7adde9,159.56071689826044
50c72bc5e4b0650838b20633,4bdc5621fed22d7f6fb157c9,165.74629249986097
50c72bc5e4b0650838b20633,4b8cf019f964a52079e132e3,540.5454639916402
50c72bc5e4b0650838b20633,4c684102607ad13a1417a82b,1234.8400719812728
50c72bc5e4b0650838b20633,4c3266e6213c2d7f2a6c355d,19.712625992385505
50c72bc5e4b0650838b20633,4c0e8e8e5ab6c9b657f6effe,139.6144712131854
4bd9c61cd2cbc9289fcfd1ad,4b8cf019f964a52079e132e3,46.69339790261095
4bd9c61cd2cbc9289fcfd1ad,4c684102607ad13a1417a82b,740.8441768595167
4bd9c61cd2cbc9289fcfd1ad,4bdc5621fed22d7f6fb157c9,503.4827149006743
4bd9c61cd2cbc9289fcfd1ad,4ce552543598b1f7bf6a678d,48.17000303598534
4bd9c61cd2cbc9289fcfd1ad,4c46eb0a1ddec9289cb49b32,92.21181593297695
4c46eb0a1ddec9289cb49b32,4b8cf019f964a52079e132e3,113.22962347792831
4c46eb0a1ddec9289cb49b32,4c684102607ad13a1417a82b,810.0963493218319
4c46eb0a1ddec9289cb49b32,50c72bc5e4b0650838b20633,427.96204503739534
4c46eb0a1ddec9289cb49b32,4c0a1193a1b32d7fadc498f0,429.5131064293358
4c46eb0a1ddec9289cb49b32,4c6e9ef2d5c3a1cd4dc0c82b,134.674801235851
4c528f79f31a9c740cfa82ea,4d6ca943129a6ea87ed2e755,522.1318198531344
4c528f79f31a9c740cfa82ea,4cf4c51de3b9a093d9865053,515.2474884120138
4c528f79f31a9c740cfa82ea,4c2ef2cd3896e21eac2ce390,782.3082008380875
4c528f79f31a9c740cfa82ea,4bd9a2a767b49c74d2952214,1986.560178348523
4c528f79f31a9c740cfa82ea,4b549fe8f964a52069c327e3,1968.9092308623865
4bd9a2a767b49c74d2952214,4b549fe8f964a52069c327e3,175.06477300727911
4bd9a2a767b49c74d2952214,4c7916a22d3ba14396e48cd0,42.973423259512664
4bd9a2a767b49c74d2952214,4c2636165c5ca5935bb145fe,97.62123590031604
4bd9a2a767b49c74d2952214,4de201a9b0fb2671487b9a0e,73.39539104500678
4bd9a2a767b49c74d2952214,4d39a698687ca35d77a181c4,81.73926671874936
4d6ca943129a6ea87ed2e755,4ba0b957f964a520887937e3,24.18332989358986
4d6ca943129a6ea87ed2e755,4cf4c51de3b9a093d9865053,8.459743900721564
4d6ca943129a6ea87ed2e755,4c528f79f31a9c740cfa82ea,522.1318198531344
4d6ca943129a6ea87ed2e755,4c2ef2cd3896e21eac2ce390,366.033141734024
4d6ca943129a6ea87ed2e755,4d470ce1e198721e287dd58b,3.2542570318607558
4b549fe8f964a52069c327e3,4bd9a2a767b49c74d2952214,175.06477300727911
4b549fe8f964a52069c327e3,4c741383d8948cfa3dfa63da,17.093959962331756
4b549fe8f964a52069c327e3,4c230829497cb7137d0e6dd8,29.113378462513662
4b549fe8f964a52069c327e3,4de201a9b0fb2671487b9a0e,228.40999385447117
4b549fe8f964a52069c327e3,4c2636165c5ca5935bb145fe,216.57474861528684
4ba0b957f964a520887937e3,4c2ef2cd3896e21eac2ce390,364.5504518385619
4ba0b957f964a520887937e3,4cf4c51de3b9a093d9865053,23.194049849465863
4ba0b957f964a520887937e3,4c528f79f31a9c740cfa82ea,503.2715849930305
4ba0b957f964a520887937e3,4d470ce1e198721e287dd58b,22.340149041495124
4ba0b957f964a520887937e3,4b5012c1f964a520401c27e3,90.80429604563172
4d18e83b6d103704b0b342bd,4f892dbee4b0202c05fd808a,280.56741638155154
4d18e83b6d103704b0b342bd,4dad7b5e316a21694cd5a387,593.2102827023417
4d18e83b6d103704b0b342bd,4c7556dbb474a1cdacf9b8bf,161.1386734468273
4d18e83b6d103704b0b342bd,4b6d75aff964a520bc752ce3,4145.684929081467
4d18e83b6d103704b0b342bd,4c0bf401bbc676b0a2514cd5,306.4568619393337
4c0bf401bbc676b0a2514cd5,4f892dbee4b0202c05fd808a,142.08882841537184
4c0bf401bbc676b0a2514cd5,4dad7b5e316a21694cd5a387,287.83335002516515
4c0bf401bbc676b0a2514cd5,4f25511ce4b04f6e6a110d1b,211.60022663739645
4c0bf401bbc676b0a2514cd5,4c7556dbb474a1cdacf9b8bf,249.86511346963613
4c0bf401bbc676b0a2514cd5,4d18e83b6d103704b0b342bd,306.4568619393337
4c7556dbb474a1cdacf9b8bf,4f892dbee4b0202c05fd808a,303.4675446959704
4c7556dbb474a1cdacf9b8bf,4dad7b5e316a21694cd5a387,525.2914900342005
4c7556dbb474a1cdacf9b8bf,4d18e83b6d103704b0b342bd,161.1386734468273
4c7556dbb474a1cdacf9b8bf,4c0bf401bbc676b0a2514cd5,249.86511346963613
4c7556dbb474a1cdacf9b8bf,4ebaa2268b818968846e8bea,50.29474974902327
4b6ff98df964a520fa012de3,4b6d75aff964a520bc752ce3,8.387813614007536
4b6ff98df964a520fa012de3,4c666233e75ac928be6cf7da,102.81408660381146
4b6ff98df964a520fa012de3,4d15b25f25cda143a9786bd6,179.007414159066
4b6ff98df964a520fa012de3,4f892dbee4b0202c05fd808a,3895.4004352096304
4b6ff98df964a520fa012de3,5257b21a11d2d78a7c0f745f,148.7038721266606
4c666233e75ac928be6cf7da,4b6d75aff964a520bc752ce3,107.8118149781006
4c666233e75ac928be6cf7da,4b6ff98df964a520fa012de3,102.81408660381146
4c666233e75ac928be6cf7da,4d15b25f25cda143a9786bd6,103.06305438514109
4c666233e75ac928be6cf7da,4ce9209e0f196dcbd6f949ae,76.76311252194827
4c666233e75ac928be6cf7da,4f892dbee4b0202c05fd808a,3806.15713318515
4d15b25f25cda143a9786bd6,4b6d75aff964a520bc752ce3,179.94369409770331
4d15b25f25cda143a9786bd6,4c666233e75ac928be6cf7da,103.06305438514109
4d15b25f25cda143a9786bd6,4b6ff98df964a520fa012de3,179.007414159066
4d15b25f25cda143a9786bd6,4f892dbee4b0202c05fd808a,3806.3944720819027
4d15b25f25cda143a9786bd6,55141e35498e23555da44d3a,39.69572001252325
4ce9209e0f196dcbd6f949ae,4b6d75aff964a520bc752ce3,158.8492508100776
4ce9209e0f196dcbd6f949ae,4c666233e75ac928be6cf7da,76.76311252194827
4ce9209e0f196dcbd6f949ae,4b6ff98df964a520fa012de3,157.16436485132314
4ce9209e0f196dcbd6f949ae,4d15b25f25cda143a9786bd6,26.31982197205596
4ce9209e0f196dcbd6f949ae,4f892dbee4b0202c05fd808a,3805.186014957458
4f25511ce4b04f6e6a110d1b,4f892dbee4b0202c05fd808a,95.05604073829114
4f25511ce4b04f6e6a110d1b,4dad7b5e316a21694cd5a387,343.64061572304064
4f25511ce4b04f6e6a110d1b,4c0bf401bbc676b0a2514cd5,211.60022663739645
4f25511ce4b04f6e6a110d1b,4b6d75aff964a520bc752ce3,3807.8950380064903
4f25511ce4b04f6e6a110d1b,4d18e83b6d103704b0b342bd,364.97385709756685
4d8368b55ad3a0934edeb9fd,4bb871ef1261d13a669fe898,331.70425605510184
4d8368b55ad3a0934edeb9fd,4f892dbee4b0202c05fd808a,1749.3253787009046
4d8368b55ad3a0934edeb9fd,4b6d75aff964a520bc752ce3,2269.8386578670074
4d8368b55ad3a0934edeb9fd,538a48ee498e8301b317310b,132.20671247470375
4d8368b55ad3a0934edeb9fd,4c0aa9d8009a0f476ad1e9bf,4567.945247253447
4bf54122706e20a17935aa98,4bb871ef1261d13a669fe898,766.3869923557556
4bf54122706e20a17935aa98,4b6d75aff964a520bc752ce3,1840.374061897235
4bf54122706e20a17935aa98,4f892dbee4b0202c05fd808a,2076.294818014324
4bf54122706e20a17935aa98,4d122dae7a8ba1433410c769,304.28413779700224
4bf54122706e20a17935aa98,4d6a60d5c16554813c66f781,609.793341838403
526a5c75498eebe69656a206,504c7b1ee4b0a3d4a12cef7f,115.42588861840588
526a5c75498eebe69656a206,4f892dbee4b0202c05fd808a,1547.6885751201414
526a5c75498eebe69656a206,4b6d75aff964a520bc752ce3,2895.15795367629
526a5c75498eebe69656a206,4d5a7986e092a35d4c150b0c,973.8012493994438
526a5c75498eebe69656a206,4dad7b5e316a21694cd5a387,1268.425741625794
4d5a7986e092a35d4c150b0c,4f892dbee4b0202c05fd808a,2058.351925008553
4d5a7986e092a35d4c150b0c,4b6d75aff964a520bc752ce3,1956.258263921541
4d5a7986e092a35d4c150b0c,4bb871ef1261d13a669fe898,1323.39917170725
57f781ed498e5fcfddc8ed93,4c684102607ad13a1417a82b,337.25267955120734
57f781ed498e5fcfddc8ed93,57454ccf498ef13b747d9136,392.656568891653
57f781ed498e5fcfddc8ed93,4b8cf019f964a52079e132e3,384.9380575742052
57f781ed498e5fcfddc8ed93,5841253483622d2034c9bfc7,36.3518201688996
57f781ed498e5fcfddc8ed93,5559bd74498e14df52d8a3bc,962.7930098980023
4c0a1193a1b32d7fadc498f0,4b8cf019f964a52079e132e3,349.24643010156245
4c0a1193a1b32d7fadc498f0,4c684102607ad13a1417a82b,450.9795407726654
4c0a1193a1b32d7fadc498f0,4b6d75aff964a520bc752ce3,6288.234276716779
4c0a1193a1b32d7fadc498f0,50c72bc5e4b0650838b20633,823.5149181259079
4c0a1193a1b32d7fadc498f0,4f892dbee4b0202c05fd808a,2406.610133575104
4fc242e5e4b0730dec7adde9,4c684102607ad13a1417a82b,159.56071689826044
4fc242e5e4b0730dec7adde9,4b8cf019f964a52079e132e3,575.9417888936465
4fc242e5e4b0730dec7adde9,4bdc5621fed22d7f6fb157c9,1119.0861482895232
4fc242e5e4b0730dec7adde9,4c0a1193a1b32d7fadc498f0,294.32550493102474
4fc242e5e4b0730dec7adde9,4fbbc655e4b0182c68eba0a5,343.89659932187925
4bdc5621fed22d7f6fb157c9,4c0981f4bbc676b0e85548d5,585.0374543409222
4bdc5621fed22d7f6fb157c9,4c8e47b74e95236af3877aca,1908.9703893593721
4bdc5621fed22d7f6fb157c9,524d49d811d2d8a467830dc6,762.0027188521187
4bdc5621fed22d7f6fb157c9,4bc49ea2461576b06a298032,182.69264006460082
4bdc5621fed22d7f6fb157c9,4ca25cfb7f84224b02a9bb58,191.103168145994
4c3266e6213c2d7f2a6c355d,4b8cf019f964a52079e132e3,541.8935896369738
4c3266e6213c2d7f2a6c355d,4bdc5621fed22d7f6fb157c9,146.4122617633104
4c3266e6213c2d7f2a6c355d,50c72bc5e4b0650838b20633,19.712625992385505
4c3266e6213c2d7f2a6c355d,4c684102607ad13a1417a82b,1238.4176010869332
4c3266e6213c2d7f2a6c355d,4bf30ee3706e20a1c4cba798,51.98088464463402
4c0e8e8e5ab6c9b657f6effe,4b8cf019f964a52079e132e3,507.1581311165285
4c0e8e8e5ab6c9b657f6effe,50c72bc5e4b0650838b20633,139.6144712131854
4c0e8e8e5ab6c9b657f6effe,4d596f8b1d4a8cfaa0708ced,37.095869370539724
4c0e8e8e5ab6c9b657f6effe,4c684102607ad13a1417a82b,1175.1378359393877
4c0e8e8e5ab6c9b657f6effe,4c0a1193a1b32d7fadc498f0,744.0234126455541
4ce552543598b1f7bf6a678d,4bd9c61cd2cbc9289fcfd1ad,48.17000303598534
4ce552543598b1f7bf6a678d,4b8cf019f964a52079e132e3,10.265825343499795
4ce552543598b1f7bf6a678d,4c684102607ad13a1417a82b,695.6847629821812
4ce552543598b1f7bf6a678d,4c46eb0a1ddec9289cb49b32,121.69974712329918
4ce552543598b1f7bf6a678d,4d596f8b1d4a8cfaa0708ced,482.89461835858737
4c6e9ef2d5c3a1cd4dc0c82b,4b8cf019f964a52079e132e3,42.10832112934391
4c6e9ef2d5c3a1cd4dc0c82b,513b4b92e4b0242463e331f1,16.65676466654849
4c6e9ef2d5c3a1cd4dc0c82b,4c46eb0a1ddec9289cb49b32,134.674801235851
4c6e9ef2d5c3a1cd4dc0c82b,4c684102607ad13a1417a82b,675.4631081580486
4c6e9ef2d5c3a1cd4dc0c82b,4c0a1193a1b32d7fadc498f0,309.24944153825777
4cf4c51de3b9a093d9865053,4c2ef2cd3896e21eac2ce390,373.8776915025723
4cf4c51de3b9a093d9865053,4ba0b957f964a520887937e3,23.194049849465863
4cf4c51de3b9a093d9865053,4c528f79f31a9c740cfa82ea,515.2474884120138
4cf4c51de3b9a093d9865053,4d6ca943129a6ea87ed2e755,8.459743900721564
4cf4c51de3b9a093d9865053,4bd9a2a767b49c74d2952214,2174.5599617581065
4c2ef2cd3896e21eac2ce390,512f5546e4b0aa46ce4672c7,913.7513574964792
4c2ef2cd3896e21eac2ce390,4ba0b957f964a520887937e3,364.5504518385619
4c2ef2cd3896e21eac2ce390,4cf4c51de3b9a093d9865053,373.8776915025723
4c2ef2cd3896e21eac2ce390,541c5b49498e1777b84c02e8,889.3394200859495
4c2ef2cd3896e21eac2ce390,578cfeb6498e194175142eef,11.860792420214272
4c7916a22d3ba14396e48cd0,4bd9a2a767b49c74d2952214,42.973423259512664
4c7916a22d3ba14396e48cd0,4b549fe8f964a52069c327e3,175.97420912887702
4c7916a22d3ba14396e48cd0,4de201a9b0fb2671487b9a0e,52.45658734441593
4c7916a22d3ba14396e48cd0,4c2636165c5ca5935bb145fe,140.45602085685053
4c7916a22d3ba14396e48cd0,4cfd28a2dccef04dab24c49c,50.87082661577124
4c2636165c5ca5935bb145fe,4bd9a2a767b49c74d2952214,97.62123590031604
4c2636165c5ca5935bb145fe,4b549fe8f964a52069c327e3,216.57474861528684
4c2636165c5ca5935bb145fe,4de201a9b0fb2671487b9a0e,155.17793785394173
4c2636165c5ca5935bb145fe,4c7916a22d3ba14396e48cd0,140.45602085685053
4c2636165c5ca5935bb145fe,4c5d5bd72815c9288a81b467,174.86388588263944
4de201a9b0fb2671487b9a0e,4bd9a2a767b49c74d2952214,73.39539104500678
4de201a9b0fb2671487b9a0e,4b549fe8f964a52069c327e3,228.40999385447117
4de201a9b0fb2671487b9a0e,4c7916a22d3ba14396e48cd0,52.45658734441593
4de201a9b0fb2671487b9a0e,4c2636165c5ca5935bb145fe,155.17793785394173
4de201a9b0fb2671487b9a0e,4df073d9d22d4336871794f1,61.14805462277415
4d39a698687ca35d77a181c4,4bd9a2a767b49c74d2952214,81.73926671874936
4d39a698687ca35d77a181c4,4c7916a22d3ba14396e48cd0,121.1692168237903
4d39a698687ca35d77a181c4,4b549fe8f964a52069c327e3,231.53234266732906
4d39a698687ca35d77a181c4,4de201a9b0fb2671487b9a0e,124.35130350385548
4d39a698687ca35d77a181c4,4c2636165c5ca5935bb145fe,39.43852483695285
4d470ce1e198721e287dd58b,4c2ef2cd3896e21eac2ce390,368.4141669090708
4d470ce1e198721e287dd58b,4ba0b957f964a520887937e3,22.340149041495124
4d470ce1e198721e287dd58b,4cf4c51de3b9a093d9865053,5.5430202068258465
4d470ce1e198721e287dd58b,4d8747cdf1e56ea832acac8a,6.331448534137614
4d470ce1e198721e287dd58b,4c528f79f31a9c740cfa82ea,518.9796885180813
4c741383d8948cfa3dfa63da,4b549fe8f964a52069c327e3,17.093959962331756
4c741383d8948cfa3dfa63da,4bd9a2a767b49c74d2952214,178.65705156038482
4c741383d8948cfa3dfa63da,4c230829497cb7137d0e6dd8,29.981998110675608
4c741383d8948cfa3dfa63da,4c2636165c5ca5935bb145fe,226.95999704466925
4c741383d8948cfa3dfa63da,4de201a9b0fb2671487b9a0e,227.53637126584456
4c230829497cb7137d0e6dd8,4bd9a2a767b49c74d2952214,204.09788091842128
4c230829497cb7137d0e6dd8,4c741383d8948cfa3dfa63da,29.981998110675608
4c230829497cb7137d0e6dd8,4b549fe8f964a52069c327e3,29.113378462513662
4c230829497cb7137d0e6dd8,4c2636165c5ca5935bb145fe,243.8740128769506
4c230829497cb7137d0e6dd8,4f706eaf7716576a9122a906,218.89427318366177
4b5012c1f964a520401c27e3,4cf4c51de3b9a093d9865053,98.18363554435957
4b5012c1f964a520401c27e3,4c2ef2cd3896e21eac2ce390,275.6952463973495
4b5012c1f964a520401c27e3,4ba0b957f964a520887937e3,90.80429604563172
4b5012c1f964a520401c27e3,4d6ca943129a6ea87ed2e755,90.36569273775252
4b5012c1f964a520401c27e3,4c528f79f31a9c740cfa82ea,574.2584316584247
4ebaa2268b818968846e8bea,4f892dbee4b0202c05fd808a,323.4991004628036
4ebaa2268b818968846e8bea,4c7556dbb474a1cdacf9b8bf,50.29474974902327
4ebaa2268b818968846e8bea,4d18e83b6d103704b0b342bd,128.9248011569183
4ebaa2268b818968846e8bea,5005f182e4b06c66c3a2756d,78.92645291566704
4ebaa2268b818968846e8bea,4c541b8b1b46c9b621fa08ce,227.9168799334996
5257b21a11d2d78a7c0f745f,4b6d75aff964a520bc752ce3,140.84501962409288
5257b21a11d2d78a7c0f745f,4b6ff98df964a520fa012de3,148.7038721266606
5257b21a11d2d78a7c0f745f,4c666233e75ac928be6cf7da,240.0180534716037
5257b21a11d2d78a7c0f745f,4d15b25f25cda143a9786bd6,276.8084068904948
5257b21a11d2d78a7c0f745f,4f892dbee4b0202c05fd808a,4043.3184428016407
55141e35498e23555da44d3a,4b6d75aff964a520bc752ce3,153.54554097493627
55141e35498e23555da44d3a,4c666233e75ac928be6cf7da,100.82916175087074
55141e35498e23555da44d3a,4b6ff98df964a520fa012de3,154.13858529048028
55141e35498e23555da44d3a,4d15b25f25cda143a9786bd6,39.69572001252325
55141e35498e23555da44d3a,4f892dbee4b0202c05fd808a,3844.700914141198
538a48ee498e8301b317310b,4bb871ef1261d13a669fe898,265.07996368398756
538a48ee498e8301b317310b,4d8368b55ad3a0934edeb9fd,132.20671247470375
538a48ee498e8301b317310b,4f892dbee4b0202c05fd808a,1669.2677025517182
538a48ee498e8301b317310b,4b6d75aff964a520bc752ce3,2391.986210219685
538a48ee498e8301b317310b,4dad7b5e316a21694cd5a387,1727.8602143114886
4c0aa9d8009a0f476ad1e9bf,4ca7a00497c8a1cdac787ca5,30.29184953266316
4c0aa9d8009a0f476ad1e9bf,4e9ae54ccc215f3adcf67c02,5.36811891701708
4c0aa9d8009a0f476ad1e9bf,4f7f4fcce4b03e09b1e57b47,37.85740434006702
4c0aa9d8009a0f476ad1e9bf,4c5f1a411e5cd13a37b39eed,313.9800085909873
4c0aa9d8009a0f476ad1e9bf,4b6d75aff964a520bc752ce3,3312.1023133969443
4d122dae7a8ba1433410c769,4bb871ef1261d13a669fe898,612.162469007931
4d122dae7a8ba1433410c769,4bf54122706e20a17935aa98,304.28413779700224
4d122dae7a8ba1433410c769,4b6d75aff964a520bc752ce3,1807.423393436169
4d122dae7a8ba1433410c769,4f892dbee4b0202c05fd808a,2201.68674607721
4d122dae7a8ba1433410c769,4d6a60d5c16554813c66f781,570.6408583128709
4d6a60d5c16554813c66f781,4b6d75aff964a520bc752ce3,1247.261716113166
4d6a60d5c16554813c66f781,4f892dbee4b0202c05fd808a,2685.9473098324174
4d6a60d5c16554813c66f781,4bb871ef1261d13a669fe898,1177.245708120528
4d6a60d5c16554813c66f781,4bf54122706e20a17935aa98,609.793341838403
4d6a60d5c16554813c66f781,4d5a7986e092a35d4c150b0c,967.9759681032415
57454ccf498ef13b747d9136,57f781ed498e5fcfddc8ed93,392.656568891653
57454ccf498ef13b747d9136,4c684102607ad13a1417a82b,729.9008274392903
57454ccf498ef13b747d9136,5841253483622d2034c9bfc7,428.1355404653619
57454ccf498ef13b747d9136,4b8cf019f964a52079e132e3,188.17715644718967
57454ccf498ef13b747d9136,4c46eb0a1ddec9289cb49b32,185.09286307263224
5841253483622d2034c9bfc7,4c684102607ad13a1417a82b,301.8796076231785
5841253483622d2034c9bfc7,57f781ed498e5fcfddc8ed93,36.3518201688996
5841253483622d2034c9bfc7,4b8cf019f964a52079e132e3,420.18049098988075
5841253483622d2034c9bfc7,57454ccf498ef13b747d9136,428.1355404653619
5841253483622d2034c9bfc7,4c0a1193a1b32d7fadc498f0,159.5256475526301
5559bd74498e14df52d8a3bc,4c684102607ad13a1417a82b,1289.348988842111
5559bd74498e14df52d8a3bc,57a60ba3498e0c41fa21acf2,144.33358038863506
5559bd74498e14df52d8a3bc,4bdc5621fed22d7f6fb157c9,106.17365457405442
5559bd74498e14df52d8a3bc,4b8cf019f964a52079e132e3,588.7794177385753
5559bd74498e14df52d8a3bc,53bd6e03498e2f2284455fbc,11.470343715016256
4fbbc655e4b0182c68eba0a5,4c0a1193a1b32d7fadc498f0,115.85083908186586
4fbbc655e4b0182c68eba0a5,4b8cf019f964a52079e132e3,244.94395949124743
4fbbc655e4b0182c68eba0a5,4c684102607ad13a1417a82b,486.0520474346399
4fbbc655e4b0182c68eba0a5,55e018a5498e8cb6cf30c94b,881.4929407681158
4fbbc655e4b0182c68eba0a5,50d37093e4b0aa088d0810d8,283.636313628567
4c0981f4bbc676b0e85548d5,4c8e47b74e95236af3877aca,1341.0616539015534
4c0981f4bbc676b0e85548d5,4ce69239595cb1f74f12bd14,1295.7817504357113
4c0981f4bbc676b0e85548d5,4bdc5621fed22d7f6fb157c9,585.0374543409222
4c0981f4bbc676b0e85548d5,4bc64549d35d9c742477e23a,1094.3167918285615
4c0981f4bbc676b0e85548d5,500c3f8bd86c7b585a52172a,1464.0876918834447
4c8e47b74e95236af3877aca,4ce69239595cb1f74f12bd14,2336.032284368942
4c8e47b74e95236af3877aca,4c67260ae1da1b8db6459dc3,155.60673441721792
4c8e47b74e95236af3877aca,4c0981f4bbc676b0e85548d5,1341.0616539015534
4c8e47b74e95236af3877aca,4dcfd6b7b0fb25f6e3663902,171.6452569660763
4c8e47b74e95236af3877aca,4e8473ebb803a2692588268d,100.96895812226525
524d49d811d2d8a467830dc6,4ce69239595cb1f74f12bd14,538.1781049137636
524d49d811d2d8a467830dc6,4c0aee01009a0f478959eabf,2067.658018184831
524d49d811d2d8a467830dc6,4c8a91e6a92fa093be8692bf,1538.1545174282478
524d49d811d2d8a467830dc6,4c8e47b74e95236af3877aca,2554.2402395388144
524d49d811d2d8a467830dc6,4c0981f4bbc676b0e85548d5,1312.6522717598068
4bc49ea2461576b06a298032,4bdc5621fed22d7f6fb157c9,182.69264006460082
4bc49ea2461576b06a298032,4c0981f4bbc676b0e85548d5,641.3820434135038
4bc49ea2461576b06a298032,4c8e47b74e95236af3877aca,1911.390398919845
4bc49ea2461576b06a298032,4ce69239595cb1f74f12bd14,743.573624314282
4bc49ea2461576b06a298032,524d49d811d2d8a467830dc6,671.6833739006344
4ca25cfb7f84224b02a9bb58,4bdc5621fed22d7f6fb157c9,191.103168145994
4ca25cfb7f84224b02a9bb58,4c8e47b74e95236af3877aca,1927.8796454221952
4ca25cfb7f84224b02a9bb58,4c0981f4bbc676b0e85548d5,659.185956447872
4ca25cfb7f84224b02a9bb58,4bf30ee3706e20a1c4cba798,13.439530543444187
4ca25cfb7f84224b02a9bb58,4beeb08ad355a59327280b60,4.142518991495654
4bf30ee3706e20a1c4cba798,4bdc5621fed22d7f6fb157c9,189.4882806442939
4bf30ee3706e20a1c4cba798,4ca25cfb7f84224b02a9bb58,13.439530543444187
4bf30ee3706e20a1c4cba798,4b8cf019f964a52079e132e3,515.9478132158739
4bf30ee3706e20a1c4cba798,4beeb08ad355a59327280b60,17.382872624588078
4bf30ee3706e20a1c4cba798,4c0981f4bbc676b0e85548d5,646.7297647552838
4d596f8b1d4a8cfaa0708ced,4b8cf019f964a52079e132e3,473.5402784491564
4d596f8b1d4a8cfaa0708ced,4c0e8e8e5ab6c9b657f6effe,37.095869370539724
4d596f8b1d4a8cfaa0708ced,4c684102607ad13a1417a82b,1138.424971303118
4d596f8b1d4a8cfaa0708ced,4bdc5621fed22d7f6fb157c9,307.33349867364683
4d596f8b1d4a8cfaa0708ced,4c46eb0a1ddec9289cb49b32,363.1655316159807
513b4b92e4b0242463e331f1,4b8cf019f964a52079e132e3,46.66643346350711
513b4b92e4b0242463e331f1,4c684102607ad13a1417a82b,687.8683729579249
513b4b92e4b0242463e331f1,4c6e9ef2d5c3a1cd4dc0c82b,16.65676466654849
513b4b92e4b0242463e331f1,50c72bc5e4b0650838b20633,547.7441260868621
513b4b92e4b0242463e331f1,4c0a1193a1b32d7fadc498f0,313.7515220016079
512f5546e4b0aa46ce4672c7,541c5b49498e1777b84c02e8,51.865568086033846
512f5546e4b0aa46ce4672c7,566ebe2a498ef09a2d76ec55,1633.3243129063808
512f5546e4b0aa46ce4672c7,56c4396ccd10be84b9800cf2,60.3770219520061
512f5546e4b0aa46ce4672c7,55e431d4498e7d1810acc323,24.293970641224604
512f5546e4b0aa46ce4672c7,4c0981f4bbc676b0e85548d5,5277.80364958446
541c5b49498e1777b84c02e8,512f5546e4b0aa46ce4672c7,51.865568086033846
541c5b49498e1777b84c02e8,56c4396ccd10be84b9800cf2,16.65353323521386
541c5b49498e1777b84c02e8,55e431d4498e7d1810acc323,27.779681590538917
541c5b49498e1777b84c02e8,59fb9fc2286fda734fa59fd4,25.57995905026098
541c5b49498e1777b84c02e8,55d8b054498edb8dc7bef17e,12.955521033653469
578cfeb6498e194175142eef,4c2ef2cd3896e21eac2ce390,11.860792420214272
578cfeb6498e194175142eef,4c528f79f31a9c740cfa82ea,779.9820618342997
578cfeb6498e194175142eef,541c5b49498e1777b84c02e8,901.0315041620502
578cfeb6498e194175142eef,56c4396ccd10be84b9800cf2,884.4120599829523
578cfeb6498e194175142eef,4bd9a2a767b49c74d2952214,2552.629722601083
4cfd28a2dccef04dab24c49c,4c7916a22d3ba14396e48cd0,50.87082661577124
4cfd28a2dccef04dab24c49c,4bd9a2a767b49c74d2952214,63.82363444892238
4cfd28a2dccef04dab24c49c,4b549fe8f964a52069c327e3,125.23648523831824
4cfd28a2dccef04dab24c49c,4d39a698687ca35d77a181c4,142.49459462851362
4cfd28a2dccef04dab24c49c,4de201a9b0fb2671487b9a0e,103.21549414027501
4c5d5bd72815c9288a81b467,4bd9a2a767b49c74d2952214,79.19367178512142
4c5d5bd72815c9288a81b467,4b549fe8f964a52069c327e3,199.280832605607
4c5d5bd72815c9288a81b467,4c7916a22d3ba14396e48cd0,38.09379512953457
4c5d5bd72815c9288a81b467,4de201a9b0fb2671487b9a0e,43.838925757522624
4c5d5bd72815c9288a81b467,4c2636165c5ca5935bb145fe,174.86388588263944
4df073d9d22d4336871794f1,4bd9a2a767b49c74d2952214,131.51667862862314
4df073d9d22d4336871794f1,4c2636165c5ca5935bb145fe,216.19257778043922
4df073d9d22d4336871794f1,4de201a9b0fb2671487b9a0e,61.14805462277415
4df073d9d22d4336871794f1,4b549fe8f964a52069c327e3,263.47779513459386
4df073d9d22d4336871794f1,4fa946bae4b00b5cf0e095ca,149.73048782405968
4d8747cdf1e56ea832acac8a,4c2ef2cd3896e21eac2ce390,364.7836251828562
4d8747cdf1e56ea832acac8a,4d470ce1e198721e287dd58b,6.331448534137614
4d8747cdf1e56ea832acac8a,4ba0b957f964a520887937e3,27.052812079247154
4d8747cdf1e56ea832acac8a,4cf4c51de3b9a093d9865053,10.981847520715641
4d8747cdf1e56ea832acac8a,4b5012c1f964a520401c27e3,89.21807320080235
4f706eaf7716576a9122a906,4b549fe8f964a52069c327e3,223.8808788125574
4f706eaf7716576a9122a906,4bd9a2a767b49c74d2952214,304.9247623913674
4f706eaf7716576a9122a906,4c230829497cb7137d0e6dd8,218.89427318366177
4f706eaf7716576a9122a906,4bc1afd92a89ef3b21a0f288,7544.195398420349
4f706eaf7716576a9122a906,4b6d75aff964a520bc752ce3,6290.343378150292
5005f182e4b06c66c3a2756d,4f892dbee4b0202c05fd808a,250.93949637042613
5005f182e4b06c66c3a2756d,4e4424b8b0fb71d2197e6a8f,1.080477054101096
5005f182e4b06c66c3a2756d,4ebaa2268b818968846e8bea,78.92645291566704
5005f182e4b06c66c3a2756d,51d9738f498e124ecf50be47,3.8639192121342516
5005f182e4b06c66c3a2756d,4c7556dbb474a1cdacf9b8bf,87.97256804209515
4c541b8b1b46c9b621fa08ce,4f892dbee4b0202c05fd808a,490.4996876942156
4c541b8b1b46c9b621fa08ce,5498847e498e8683bf335cba,18.43164935169026
4c541b8b1b46c9b621fa08ce,4dcfd6b7b0fb25f6e3663902,655.9359167257555
4c541b8b1b46c9b621fa08ce,4d18e83b6d103704b0b342bd,356.6363603776603
4c541b8b1b46c9b621fa08ce,56d82890498e47d7c6b4819d,47.41988812919847
4ca7a00497c8a1cdac787ca5,4c0aa9d8009a0f476ad1e9bf,30.29184953266316
4ca7a00497c8a1cdac787ca5,4b6d75aff964a520bc752ce3,3331.504938740773
4ca7a00497c8a1cdac787ca5,4c5f1a411e5cd13a37b39eed,318.48584691476316
4ca7a00497c8a1cdac787ca5,537e1f34498e635a12b5fbde,4473.517502479657
4ca7a00497c8a1cdac787ca5,4bd9a2a767b49c74d2952214,3692.4601517706133
4e9ae54ccc215f3adcf67c02,4c0aa9d8009a0f476ad1e9bf,5.36811891701708
4e9ae54ccc215f3adcf67c02,4b6d75aff964a520bc752ce3,3309.064790166486
4e9ae54ccc215f3adcf67c02,4ca7a00497c8a1cdac787ca5,35.64169356871728
4e9ae54ccc215f3adcf67c02,4c5f1a411e5cd13a37b39eed,313.0037201019568
4e9ae54ccc215f3adcf67c02,4b67140ff964a520e6382be3,3136.082260071317
4f7f4fcce4b03e09b1e57b47,4c0aa9d8009a0f476ad1e9bf,37.85740434006702
4f7f4fcce4b03e09b1e57b47,4ca7a00497c8a1cdac787ca5,16.34086832820121
4f7f4fcce4b03e09b1e57b47,4b6d75aff964a520bc752ce3,3346.2625889778205
4f7f4fcce4b03e09b1e57b47,500b09e8e4b0381c845610ee,4473.060786212641
4f7f4fcce4b03e09b1e57b47,537e1f34498e635a12b5fbde,4464.689442424741
4c5f1a411e5cd13a37b39eed,4c0aa9d8009a0f476ad1e9bf,313.9800085909873
4c5f1a411e5cd13a37b39eed,4ca7a00497c8a1cdac787ca5,318.48584691476316
4c5f1a411e5cd13a37b39eed,537e1f34498e635a12b5fbde,4204.9829035988005
4c5f1a411e5cd13a37b39eed,4b6d75aff964a520bc752ce3,3539.4127441725723
4c5f1a411e5cd13a37b39eed,500b09e8e4b0381c845610ee,4213.95225919934
57a60ba3498e0c41fa21acf2,4bdc5621fed22d7f6fb157c9,129.70182181638765
57a60ba3498e0c41fa21acf2,4c0981f4bbc676b0e85548d5,684.9907958485434
57a60ba3498e0c41fa21acf2,5857bc9e809a7703308b31de,14.986587248721113
57a60ba3498e0c41fa21acf2,4bc49ea2461576b06a298032,110.91045783370281
57a60ba3498e0c41fa21acf2,4ce69239595cb1f74f12bd14,793.162329562715
53bd6e03498e2f2284455fbc,4c684102607ad13a1417a82b,1278.0405830942673
53bd6e03498e2f2284455fbc,4bdc5621fed22d7f6fb157c9,103.2752289675059
53bd6e03498e2f2284455fbc,4b8cf019f964a52079e132e3,577.5730137405794
53bd6e03498e2f2284455fbc,57a60ba3498e0c41fa21acf2,133.14693253252554
53bd6e03498e2f2284455fbc,50c72bc5e4b0650838b20633,82.72643664433839
55e018a5498e8cb6cf30c94b,57ac92b7498e482f441175db,163.00680267998175
55e018a5498e8cb6cf30c94b,55e81c33498e4dfbbc75f39c,169.93948357854015
55e018a5498e8cb6cf30c94b,4ee1c9b6be7b2be7600fe2a2,206.90397019351926
55e018a5498e8cb6cf30c94b,566ebe2a498ef09a2d76ec55,5929.259808685201
55e018a5498e8cb6cf30c94b,4fbbc655e4b0182c68eba0a5,881.4929407681158
50d37093e4b0aa088d0810d8,54bf7329498ee3a6821ad499,4682.910961644813
50d37093e4b0aa088d0810d8,4c684102607ad13a1417a82b,358.9384461232423
50d37093e4b0aa088d0810d8,57f781ed498e5fcfddc8ed93,193.7030775246309
50d37093e4b0aa088d0810d8,5a2e8855345cbe4a6a8af360,4632.768707146571
50d37093e4b0aa088d0810d8,4fbbc655e4b0182c68eba0a5,283.636313628567
4ce69239595cb1f74f12bd14,4c684102607ad13a1417a82b,1068.4248009043408
4ce69239595cb1f74f12bd14,4bdc5621fed22d7f6fb157c9,914.9294921092222
4ce69239595cb1f74f12bd14,4b8cf019f964a52079e132e3,741.0335673580441
4ce69239595cb1f74f12bd14,4ed0f0f95c5c9528f9dc3474,219.64042430747512
4ce69239595cb1f74f12bd14,524d49d811d2d8a467830dc6,538.1781049137636
4bc64549d35d9c742477e23a,4c684102607ad13a1417a82b,1168.0102982798116
4bc64549d35d9c742477e23a,4b8cf019f964a52079e132e3,708.7992990076064
4bc64549d35d9c742477e23a,4bdc5621fed22d7f6fb157c9,758.1797491713663
4bc64549d35d9c742477e23a,4f892dbee4b0202c05fd808a,1917.6176922579564
500c3f8bd86c7b585a52172a,4c8e47b74e95236af3877aca,2799.4681729776057
500c3f8bd86c7b585a52172a,4c0981f4bbc676b0e85548d5,1464.0876918834447
500c3f8bd86c7b585a52172a,4ce69239595cb1f74f12bd14,1440.596153372334
500c3f8bd86c7b585a52172a,4c0aee01009a0f478959eabf,1545.6388197201447
500c3f8bd86c7b585a52172a,4bc64549d35d9c742477e23a,1410.1645219563577
4c67260ae1da1b8db6459dc3,4c8e47b74e95236af3877aca,155.60673441721792
4c67260ae1da1b8db6459dc3,4dcfd6b7b0fb25f6e3663902,17.07851160795857
4c67260ae1da1b8db6459dc3,4f892dbee4b0202c05fd808a,255.81113143525596
4c67260ae1da1b8db6459dc3,4cddaece7e2e236aac637a1b,188.96724391504017
4c67260ae1da1b8db6459dc3,4c0981f4bbc676b0e85548d5,1186.1805506712458
4dcfd6b7b0fb25f6e3663902,4c8e47b74e95236af3877aca,171.6452569660763
4dcfd6b7b0fb25f6e3663902,4c67260ae1da1b8db6459dc3,17.07851160795857
4dcfd6b7b0fb25f6e3663902,4f892dbee4b0202c05fd808a,246.34789388921087
4dcfd6b7b0fb25f6e3663902,4c0981f4bbc676b0e85548d5,1169.7132655974747
4dcfd6b7b0fb25f6e3663902,4e341f5e88772aabd8b3ba3e,80.94792280822917
4e8473ebb803a2692588268d,4f892dbee4b0202c05fd808a,408.6275176131755
4e8473ebb803a2692588268d,4c8e47b74e95236af3877aca,100.96895812226525
4e8473ebb803a2692588268d,4dad7b5e316a21694cd5a387,729.8083866612666
4e8473ebb803a2692588268d,4cf0ea00e9425481530c67c5,654.8637778838495
4e8473ebb803a2692588268d,4c67260ae1da1b8db6459dc3,153.1219658052976
4c0aee01009a0f478959eabf,4ccc195a566aa09396fe1efd,1234.4010214372051
4c0aee01009a0f478959eabf,4f892dbee4b0202c05fd808a,3984.5646461784077
4c0aee01009a0f478959eabf,4bb759e11344b7130f9b9e04,255.5894963652947
4c0aee01009a0f478959eabf,4befd08051f2c9b69cecf092,1357.1694269679144
4c8a91e6a92fa093be8692bf,4d6b86792bf054815739d0ed,253.73812310947497
4c8a91e6a92fa093be8692bf,4c90a00e0b9e3704f4e5685e,401.4751140222822
4c8a91e6a92fa093be8692bf,4c684102607ad13a1417a82b,1499.5859781510806
4c8a91e6a92fa093be8692bf,4bd835c009ecb7135f44487c,244.10951486450745
4c8a91e6a92fa093be8692bf,4f892dbee4b0202c05fd808a,3499.796180567824
4beeb08ad355a59327280b60,4bdc5621fed22d7f6fb157c9,193.16283149384708
4beeb08ad355a59327280b60,4ca25cfb7f84224b02a9bb58,4.142518991495654
4beeb08ad355a59327280b60,4c0981f4bbc676b0e85548d5,663.3271357049363
4beeb08ad355a59327280b60,4c8e47b74e95236af3877aca,1931.7536326703612
4beeb08ad355a59327280b60,4bf30ee3706e20a1c4cba798,17.382872624588078
566ebe2a498ef09a2d76ec55,524d49d811d2d8a467830dc6,5169.321023008046
566ebe2a498ef09a2d76ec55,4ce69239595cb1f74f12bd14,5500.012919574425
566ebe2a498ef09a2d76ec55,4c0981f4bbc676b0e85548d5,4425.740771754319
566ebe2a498ef09a2d76ec55,55303a5c498e14c3cc5cbb7c,909.5752696064619
566ebe2a498ef09a2d76ec55,5a2c10230c9f311a1b2074da,92.09693632772559
56c4396ccd10be84b9800cf2,541c5b49498e1777b84c02e8,16.65353323521386
56c4396ccd10be84b9800cf2,512f5546e4b0aa46ce4672c7,60.3770219520061
56c4396ccd10be84b9800cf2,55d8b054498edb8dc7bef17e,9.161509031082735
56c4396ccd10be84b9800cf2,55e431d4498e7d1810acc323,38.49678844944249
56c4396ccd10be84b9800cf2,58612c953bd4ab627cd29c40,277.9983559371782
55e431d4498e7d1810acc323,512f5546e4b0aa46ce4672c7,24.293970641224604
55e431d4498e7d1810acc323,541c5b49498e1777b84c02e8,27.779681590538917
55e431d4498e7d1810acc323,56c4396ccd10be84b9800cf2,38.49678844944249
55e431d4498e7d1810acc323,59fb9fc2286fda734fa59fd4,2.471532393748748
55e431d4498e7d1810acc323,566ebe2a498ef09a2d76ec55,1650.9786631039087
59fb9fc2286fda734fa59fd4,541c5b49498e1777b84c02e8,25.57995905026098
59fb9fc2286fda734fa59fd4,512f5546e4b0aa46ce4672c7,26.682028328597017
59fb9fc2286fda734fa59fd4,55e431d4498e7d1810acc323,2.471532393748748
59fb9fc2286fda734fa59fd4,56c4396ccd10be84b9800cf2,36.90268300149715
59fb9fc2286fda734fa59fd4,566ebe2a498ef09a2d76ec55,1652.261573509939
55d8b054498edb8dc7bef17e,541c5b49498e1777b84c02e8,12.955521033653469
55d8b054498edb8dc7bef17e,56c4396ccd10be84b9800cf2,9.161509031082735
55d8b054498edb8dc7bef17e,512f5546e4b0aa46ce4672c7,51.219377106330874
55d8b054498edb8dc7bef17e,55e431d4498e7d1810acc323,29.556891592976527
55d8b054498edb8dc7bef17e,58612c953bd4ab627cd29c40,285.65044435174684
4fa946bae4b00b5cf0e095ca,4c7916a22d3ba14396e48cd0,51.21286184308343
4fa946bae4b00b5cf0e095ca,4bd9a2a767b49c74d2952214,35.02690134521526
4fa946bae4b00b5cf0e095ca,4b549fe8f964a52069c327e3,140.08963083313128
4fa946bae4b00b5cf0e095ca,4de201a9b0fb2671487b9a0e,98.2040003345106
4fa946bae4b00b5cf0e095ca,4d39a698687ca35d77a181c4,106.72503442695152
4bc1afd92a89ef3b21a0f288,4c5e93da857ca5935006d0cb,28.77388816909386
4bc1afd92a89ef3b21a0f288,4b8034abf964a520375c30e3,118.75159497527056
4bc1afd92a89ef3b21a0f288,4bc09e8af8219c74dad0b110,51.42590970478105
4bc1afd92a89ef3b21a0f288,529babb611d2840e5291f35e,116.14219734401932
4bc1afd92a89ef3b21a0f288,4bd9a2a767b49c74d2952214,7325.17907106785
4e4424b8b0fb71d2197e6a8f,5005f182e4b06c66c3a2756d,1.080477054101096
4e4424b8b0fb71d2197e6a8f,4f892dbee4b0202c05fd808a,251.77476729042547
4e4424b8b0fb71d2197e6a8f,4ebaa2268b818968846e8bea,77.87385542670444
4e4424b8b0fb71d2197e6a8f,51d9738f498e124ecf50be47,3.2389305957861305
4e4424b8b0fb71d2197e6a8f,4c7556dbb474a1cdacf9b8bf,86.96876488104101
51d9738f498e124ecf50be47,5005f182e4b06c66c3a2756d,3.8639192121342516
51d9738f498e124ecf50be47,4f892dbee4b0202c05fd808a,254.7628783458948
51d9738f498e124ecf50be47,4e4424b8b0fb71d2197e6a8f,3.2389305957861305
51d9738f498e124ecf50be47,4ebaa2268b818968846e8bea,75.78825453304734
51d9738f498e124ecf50be47,4dcfd6b7b0fb25f6e3663902,364.82244942417987
5498847e498e8683bf335cba,4f892dbee4b0202c05fd808a,507.47862306174886
5498847e498e8683bf335cba,4c541b8b1b46c9b621fa08ce,18.43164935169026
5498847e498e8683bf335cba,4dad7b5e316a21694cd5a387,630.4240221538627
5498847e498e8683bf335cba,4d18e83b6d103704b0b342bd,366.8419284744285
5498847e498e8683bf335cba,4c7556dbb474a1cdacf9b8bf,223.02525511378897
56d82890498e47d7c6b4819d,4f892dbee4b0202c05fd808a,445.1350082446765
56d82890498e47d7c6b4819d,4c541b8b1b46c9b621fa08ce,47.41988812919847
56d82890498e47d7c6b4819d,571f32ee498e5774b13f493d,14.222759033668778
56d82890498e47d7c6b4819d,4dad7b5e316a21694cd5a387,584.1887966898389
56d82890498e47d7c6b4819d,4c7556dbb474a1cdacf9b8bf,162.1322923673158
537e1f34498e635a12b5fbde,500b09e8e4b0381c845610ee,18.544541544589265
537e1f34498e635a12b5fbde,54bf7329498ee3a6821ad499,452.44181048010097
537e1f34498e635a12b5fbde,504efbbee4b0ba7fa5af002f,1391.2858017303345
537e1f34498e635a12b5fbde,50d07705e4b055fe4c74af7e,48.416864322671515
537e1f34498e635a12b5fbde,4bd9a2a767b49c74d2952214,3030.1294770677123
4b67140ff964a520e6382be3,4bb4dc9da7059521ecd01bce,76.58650835922785
4b67140ff964a520e6382be3,50dd7401498efa5d3ed5e1cc,68.57545928932404
4b67140ff964a520e6382be3,515fe020498eebfea7adc671,31.272033596896904
4b67140ff964a520e6382be3,4cd6be7cab19a093429546eb,28.380135554603978
4b67140ff964a520e6382be3,52409a3c498e8150e0edcdec,36.48337873074805
500b09e8e4b0381c845610ee,537e1f34498e635a12b5fbde,18.544541544589265
500b09e8e4b0381c845610ee,50d07705e4b055fe4c74af7e,39.77286499140695
500b09e8e4b0381c845610ee,54bf7329498ee3a6821ad499,446.96320186615145
500b09e8e4b0381c845610ee,4c0aa9d8009a0f476ad1e9bf,4461.279582084225
500b09e8e4b0381c845610ee,4b67140ff964a520e6382be3,1370.422162317792
5857bc9e809a7703308b31de,4c0981f4bbc676b0e85548d5,693.563465877952
5857bc9e809a7703308b31de,500c3f8bd86c7b585a52172a,934.333966812158
5857bc9e809a7703308b31de,57a60ba3498e0c41fa21acf2,14.986587248721113
5857bc9e809a7703308b31de,4ce69239595cb1f74f12bd14,799.2123675282536
5857bc9e809a7703308b31de,4ca25cfb7f84224b02a9bb58,120.97872485380019
57ac92b7498e482f441175db,55e81c33498e4dfbbc75f39c,10.612387835103503
57ac92b7498e482f441175db,4ce69239595cb1f74f12bd14,1016.7086932342672
57ac92b7498e482f441175db,524d49d811d2d8a467830dc6,987.9064355903281
57ac92b7498e482f441175db,4c8a91e6a92fa093be8692bf,609.4832788377215
57ac92b7498e482f441175db,54be698a498ee95958e368de,271.48848058486107
55e81c33498e4dfbbc75f39c,57ac92b7498e482f441175db,10.612387835103503
55e81c33498e4dfbbc75f39c,4ce69239595cb1f74f12bd14,1027.234709478362
55e81c33498e4dfbbc75f39c,4c8a91e6a92fa093be8692bf,606.0590252406608
55e81c33498e4dfbbc75f39c,4c0aee01009a0f478959eabf,2167.6647327961186
55e81c33498e4dfbbc75f39c,524d49d811d2d8a467830dc6,996.2386090365602
4ee1c9b6be7b2be7600fe2a2,4bdc5621fed22d7f6fb157c9,1375.0530804258508
4ee1c9b6be7b2be7600fe2a2,4c684102607ad13a1417a82b,626.189127779087
4ee1c9b6be7b2be7600fe2a2,4c0981f4bbc676b0e85548d5,1895.2625503305699
4ee1c9b6be7b2be7600fe2a2,4b7da2d0f964a52054cb2fe3,1291.1383436135104
4ee1c9b6be7b2be7600fe2a2,524d49d811d2d8a467830dc6,622.9218059624241
54bf7329498ee3a6821ad499,500b09e8e4b0381c845610ee,446.96320186615145
54bf7329498ee3a6821ad499,537e1f34498e635a12b5fbde,452.44181048010097
54bf7329498ee3a6821ad499,523d55c911d215c076db86e6,1608.027330237899
54bf7329498ee3a6821ad499,50d07705e4b055fe4c74af7e,407.19154681930894
54bf7329498ee3a6821ad499,4b67140ff964a520e6382be3,1817.0716750427416
5a2e8855345cbe4a6a8af360,59ec874435811b5c607545d5,21.82772016350527
5a2e8855345cbe4a6a8af360,4ec0ce5db803bca7deb0aef1,155.05426980140462
5a2e8855345cbe4a6a8af360,500b09e8e4b0381c845610ee,985.4965357073369
5a2e8855345cbe4a6a8af360,58f316cce65d0c65157f9493,834.710543912212
5a2e8855345cbe4a6a8af360,566ebe2a498ef09a2d76ec55,707.3721196249451
4ed0f0f95c5c9528f9dc3474,4c684102607ad13a1417a82b,1181.5186721177417
4ed0f0f95c5c9528f9dc3474,4b8cf019f964a52079e132e3,717.2537559919122
4ed0f0f95c5c9528f9dc3474,4f892dbee4b0202c05fd808a,1904.9897809721065
4ed0f0f95c5c9528f9dc3474,4bdc5621fed22d7f6fb157c9,756.3179927052513
4cddaece7e2e236aac637a1b,4c8e47b74e95236af3877aca,219.0791549708135
4cddaece7e2e236aac637a1b,4c67260ae1da1b8db6459dc3,188.96724391504017
4cddaece7e2e236aac637a1b,4dcfd6b7b0fb25f6e3663902,186.92344324934498
4cddaece7e2e236aac637a1b,4f892dbee4b0202c05fd808a,412.13922690194306
4cddaece7e2e236aac637a1b,4c0981f4bbc676b0e85548d5,1219.895077953983
4e341f5e88772aabd8b3ba3e,4c8e47b74e95236af3877aca,155.0184908566434
4e341f5e88772aabd8b3ba3e,4dcfd6b7b0fb25f6e3663902,80.94792280822917
4e341f5e88772aabd8b3ba3e,4f892dbee4b0202c05fd808a,321.27847045079767
4e341f5e88772aabd8b3ba3e,4c27a45ff1272d7fda8b88c5,16.731300698565317
4e341f5e88772aabd8b3ba3e,4c67260ae1da1b8db6459dc3,80.83018839090008
4cf0ea00e9425481530c67c5,4f892dbee4b0202c05fd808a,1054.437873408504
4cf0ea00e9425481530c67c5,4dad7b5e316a21694cd5a387,1384.6310411489383
4cf0ea00e9425481530c67c5,4c0bf401bbc676b0a2514cd5,1184.7204606795017
4cf0ea00e9425481530c67c5,4b6d75aff964a520bc752ce3,3867.789996023832
4cf0ea00e9425481530c67c5,53fdc7c9498e72388cf57513,597.4181808850993
4ccc195a566aa09396fe1efd,4f892dbee4b0202c05fd808a,3127.5105177443493
4ccc195a566aa09396fe1efd,4d72680e27ddb60cfb62cd1b,979.4888273168486
4ccc195a566aa09396fe1efd,4bb759e11344b7130f9b9e04,1287.6048122158363
4ccc195a566aa09396fe1efd,50a4dff8e4b065dfa28ea386,1049.7942189093278
4ccc195a566aa09396fe1efd,4b8cf019f964a52079e132e3,1674.875063274148
4bb759e11344b7130f9b9e04,5bc11aef840fc2002ce364a3,7.312340812896732
4bb759e11344b7130f9b9e04,4f892dbee4b0202c05fd808a,3851.436734748438
4bb759e11344b7130f9b9e04,4c42dd53ce54e21e6b480d1a,216.93469186043794
4bb759e11344b7130f9b9e04,4b8cf019f964a52079e132e3,1839.9309336084648
4befd08051f2c9b69cecf092,4ba4d406f964a520beb838e3,590.4359697966423
4befd08051f2c9b69cecf092,4c88f3f7a0ffb60ca42726c5,24.276623281605904
4befd08051f2c9b69cecf092,4c684102607ad13a1417a82b,2321.4937731841464
4befd08051f2c9b69cecf092,4b4dcf5ef964a5203cd826e3,754.1987118024477
4d6b86792bf054815739d0ed,4c8a91e6a92fa093be8692bf,253.73812310947497
4d6b86792bf054815739d0ed,4bd835c009ecb7135f44487c,21.286096897441162
4d6b86792bf054815739d0ed,4ce69239595cb1f74f12bd14,1416.6515628148368
4d6b86792bf054815739d0ed,524d49d811d2d8a467830dc6,1462.5321602944368
4d6b86792bf054815739d0ed,4c0981f4bbc676b0e85548d5,2685.846305332717
4c90a00e0b9e3704f4e5685e,4d6b86792bf054815739d0ed,147.7423439948085
4c90a00e0b9e3704f4e5685e,4c684102607ad13a1417a82b,1252.371553988309
4c90a00e0b9e3704f4e5685e,4bd835c009ecb7135f44487c,159.35664584078714
4c90a00e0b9e3704f4e5685e,4da04cb458c2224b2cde4e79,217.91908204561125
4bd835c009ecb7135f44487c,4d6b86792bf054815739d0ed,21.286096897441162
4bd835c009ecb7135f44487c,4da04cb458c2224b2cde4e79,63.87089355139207
4bd835c009ecb7135f44487c,4c684102607ad13a1417a82b,1325.2775037394897
4bd835c009ecb7135f44487c,5644c35a498e1a0b4b641c88,31.272194413034693
55303a5c498e14c3cc5cbb7c,500b09e8e4b0381c845610ee,235.85855009887217
55303a5c498e14c3cc5cbb7c,537e1f34498e635a12b5fbde,234.480240793236
55303a5c498e14c3cc5cbb7c,4b519f33f964a520ff5027e3,238.04113814989685
55303a5c498e14c3cc5cbb7c,58f316cce65d0c65157f9493,89.5617086337967
55303a5c498e14c3cc5cbb7c,4c3073d416adc928712abf9c,177.18726668173358
5a2c10230c9f311a1b2074da,566ebe2a498ef09a2d76ec55,92.09693632772559
5a2c10230c9f311a1b2074da,55e81c33498e4dfbbc75f39c,6167.510633834375
5a2c10230c9f311a1b2074da,57ac92b7498e482f441175db,6161.938770840133
5a2c10230c9f311a1b2074da,55303a5c498e14c3cc5cbb7c,925.5761747986633
5a2c10230c9f311a1b2074da,54be698a498ee95958e368de,5892.652489769318
58612c953bd4ab627cd29c40,541c5b49498e1777b84c02e8,293.9814969235871
58612c953bd4ab627cd29c40,512f5546e4b0aa46ce4672c7,329.0735496834921
58612c953bd4ab627cd29c40,56c4396ccd10be84b9800cf2,277.9983559371782
58612c953bd4ab627cd29c40,566ebe2a498ef09a2d76ec55,1960.9955140158518
58612c953bd4ab627cd29c40,55d8b054498edb8dc7bef17e,285.65044435174684
4c5e93da857ca5935006d0cb,4b8034abf964a520375c30e3,147.52491057825694
4c5e93da857ca5935006d0cb,4bc1afd92a89ef3b21a0f288,28.77388816909386
4c5e93da857ca5935006d0cb,4bc09e8af8219c74dad0b110,26.80058001421663
4c5e93da857ca5935006d0cb,4dd66584e4cd37c89390df4c,3429.569126893609
4c5e93da857ca5935006d0cb,51922d28498ea8029b7b4a4b,1991.1735206391606
4b8034abf964a520375c30e3,4bc1afd92a89ef3b21a0f288,118.75159497527056
4b8034abf964a520375c30e3,4c5e93da857ca5935006d0cb,147.52491057825694
4b8034abf964a520375c30e3,4bc09e8af8219c74dad0b110,167.57681291466423
4b8034abf964a520375c30e3,529babb611d2840e5291f35e,10.040904532308668
4b8034abf964a520375c30e3,51922d28498ea8029b7b4a4b,2128.275522216881
4bc09e8af8219c74dad0b110,4b8034abf964a520375c30e3,167.57681291466423
4bc09e8af8219c74dad0b110,4bc1afd92a89ef3b21a0f288,51.42590970478105
4bc09e8af8219c74dad0b110,4c5e93da857ca5935006d0cb,26.80058001421663
4bc09e8af8219c74dad0b110,583ae6974bc2f130362f7e9c,173.28529267181798
4bc09e8af8219c74dad0b110,529babb611d2840e5291f35e,163.75365465136449
529babb611d2840e5291f35e,4b8034abf964a520375c30e3,10.040904532308668
529babb611d2840e5291f35e,4bc1afd92a89ef3b21a0f288,116.14219734401932
529babb611d2840e5291f35e,4c5e93da857ca5935006d0cb,144.8235180045131
529babb611d2840e5291f35e,4bc09e8af8219c74dad0b110,163.75365465136449
529babb611d2840e5291f35e,4c7b955097028cfa5f2fe1fe,157.36937590917609
571f32ee498e5774b13f493d,4f892dbee4b0202c05fd808a,459.3011694826687
571f32ee498e5774b13f493d,56d82890498e47d7c6b4819d,14.222759033668778
571f32ee498e5774b13f493d,4c541b8b1b46c9b621fa08ce,34.77358847252598
571f32ee498e5774b13f493d,4c7556dbb474a1cdacf9b8bf,174.73857872578574
571f32ee498e5774b13f493d,4c0bf401bbc676b0a2514cd5,367.3757513416547
504efbbee4b0ba7fa5af002f,526f843c498e61d3746268b9,134.92901839330892
504efbbee4b0ba7fa5af002f,5167eda8e4b03bc7ce6c0067,70.02987517386828
504efbbee4b0ba7fa5af002f,526f62a9498e4c1ef79a7482,147.0085201287724
504efbbee4b0ba7fa5af002f,526fa5a911d25b5e686d453b,4.494977045776979
504efbbee4b0ba7fa5af002f,526fd47e11d28010779ee3e8,79.24509600217596
50d07705e4b055fe4c74af7e,500b09e8e4b0381c845610ee,39.77286499140695
50d07705e4b055fe4c74af7e,4b67140ff964a520e6382be3,1410.1455741550594
50d07705e4b055fe4c74af7e,537e1f34498e635a12b5fbde,48.416864322671515
50d07705e4b055fe4c74af7e,4bd9a2a767b49c74d2952214,3065.430427327984
50d07705e4b055fe4c74af7e,4ec0ce5db803bca7deb0aef1,1170.945584564865
4bb4dc9da7059521ecd01bce,4b67140ff964a520e6382be3,76.58650835922785
4bb4dc9da7059521ecd01bce,50dd7401498efa5d3ed5e1cc,55.9859798142708
4bb4dc9da7059521ecd01bce,50753e0ee4b04d62dd4a0799,44.75240816087683
4bb4dc9da7059521ecd01bce,52409a3c498e8150e0edcdec,40.10666247849026
4bb4dc9da7059521ecd01bce,515fe020498eebfea7adc671,76.4095001980487
50dd7401498efa5d3ed5e1cc,4b67140ff964a520e6382be3,68.57545928932404
50dd7401498efa5d3ed5e1cc,4bb4dc9da7059521ecd01bce,55.9859798142708
50dd7401498efa5d3ed5e1cc,515fe020498eebfea7adc671,45.61703621421779
50dd7401498efa5d3ed5e1cc,4cd6be7cab19a093429546eb,53.69638897202742
50dd7401498efa5d3ed5e1cc,4e720f5845dd2c5c1a78c203,64.08514175664679
515fe020498eebfea7adc671,4bb4dc9da7059521ecd01bce,76.4095001980487
515fe020498eebfea7adc671,4b67140ff964a520e6382be3,31.272033596896904
515fe020498eebfea7adc671,4cd6be7cab19a093429546eb,38.6196853555905
515fe020498eebfea7adc671,4e720f5845dd2c5c1a78c203,30.571109897359136
515fe020498eebfea7adc671,50dd7401498efa5d3ed5e1cc,45.61703621421779
4cd6be7cab19a093429546eb,4b67140ff964a520e6382be3,28.380135554603978
4cd6be7cab19a093429546eb,50dd7401498efa5d3ed5e1cc,53.69638897202742
4cd6be7cab19a093429546eb,4bb4dc9da7059521ecd01bce,48.25443895028368
4cd6be7cab19a093429546eb,515fe020498eebfea7adc671,38.6196853555905
4cd6be7cab19a093429546eb,52409a3c498e8150e0edcdec,8.302952967708437
52409a3c498e8150e0edcdec,4b67140ff964a520e6382be3,36.48337873074805
52409a3c498e8150e0edcdec,4bb4dc9da7059521ecd01bce,40.10666247849026
52409a3c498e8150e0edcdec,4cd6be7cab19a093429546eb,8.302952967708437
52409a3c498e8150e0edcdec,50dd7401498efa5d3ed5e1cc,49.568653976438824
52409a3c498e8150e0edcdec,515fe020498eebfea7adc671,42.517920430680384
54be698a498ee95958e368de,4ce69239595cb1f74f12bd14,842.3040628641243
54be698a498ee95958e368de,55e81c33498e4dfbbc75f39c,278.25681895735113
54be698a498ee95958e368de,524d49d811d2d8a467830dc6,725.6246610016981
54be698a498ee95958e368de,4c8a91e6a92fa093be8692bf,870.1627596980449
54be698a498ee95958e368de,4c0aee01009a0f478959eabf,2040.1775799767395
4b7da2d0f964a52054cb2fe3,4c0981f4bbc676b0e85548d5,612.4215903337462
4b7da2d0f964a52054cb2fe3,4bd3648477b29c7451be9082,735.9925335508501
4b7da2d0f964a52054cb2fe3,4bdc5621fed22d7f6fb157c9,159.41141766646143
4b7da2d0f964a52054cb2fe3,500c3f8bd86c7b585a52172a,1060.779683903498
4b7da2d0f964a52054cb2fe3,50e053b9e4b00e61732d182f,1372.9181297775172
523d55c911d215c076db86e6,5369f5f0498ec8c04d962e7a,13.013421759319163
523d55c911d215c076db86e6,4ec0ce5db803bca7deb0aef1,50.10091682999235
523d55c911d215c076db86e6,4b67140ff964a520e6382be3,374.3201403869606
523d55c911d215c076db86e6,54bf7329498ee3a6821ad499,1608.027330237899
523d55c911d215c076db86e6,52b9ad31498e4c5fcbea0485,72.00473633668673
59ec874435811b5c607545d5,5a2e8855345cbe4a6a8af360,21.82772016350527
59ec874435811b5c607545d5,4ec0ce5db803bca7deb0aef1,166.54078829687262
59ec874435811b5c607545d5,58f316cce65d0c65157f9493,818.584696120334
59ec874435811b5c607545d5,4b67140ff964a520e6382be3,500.4671143837803
59ec874435811b5c607545d5,59c223ddc8b2fb2b7ea9e70e,600.7570452495875
4ec0ce5db803bca7deb0aef1,523d55c911d215c076db86e6,50.10091682999235
4ec0ce5db803bca7deb0aef1,5686bd65498e91265bdd49f9,25.49116535889591
4ec0ce5db803bca7deb0aef1,4b67140ff964a520e6382be3,371.19837185827083
4ec0ce5db803bca7deb0aef1,5369f5f0498ec8c04d962e7a,37.864430070057665
4ec0ce5db803bca7deb0aef1,52b9ad31498e4c5fcbea0485,108.9142221656778
58f316cce65d0c65157f9493,500b09e8e4b0381c845610ee,150.78711132043392
58f316cce65d0c65157f9493,537e1f34498e635a12b5fbde,152.56516864751077
58f316cce65d0c65157f9493,5a2e8855345cbe4a6a8af360,834.710543912212
58f316cce65d0c65157f9493,59c223ddc8b2fb2b7ea9e70e,266.7844415904886
58f316cce65d0c65157f9493,59ec874435811b5c607545d5,818.584696120334
4c27a45ff1272d7fda8b88c5,4c8e47b74e95236af3877aca,166.92741545464122
4c27a45ff1272d7fda8b88c5,4dcfd6b7b0fb25f6e3663902,70.31600960454772
4c27a45ff1272d7fda8b88c5,4c67260ae1da1b8db6459dc3,73.32960128102611
4c27a45ff1272d7fda8b88c5,4e341f5e88772aabd8b3ba3e,16.731300698565317
4c27a45ff1272d7fda8b88c5,4f892dbee4b0202c05fd808a,306.3946477570465
53fdc7c9498e72388cf57513,4cf0ea00e9425481530c67c5,597.4181808850993
53fdc7c9498e72388cf57513,4f892dbee4b0202c05fd808a,1631.0103429809787
53fdc7c9498e72388cf57513,54663211498e524c1642c669,158.88258681339858
53fdc7c9498e72388cf57513,4b6d75aff964a520bc752ce3,4154.570765565593
53fdc7c9498e72388cf57513,54fa0b11498e479354c185e7,333.1080828534273
4d72680e27ddb60cfb62cd1b,4ccc195a566aa09396fe1efd,979.4888273168486
4d72680e27ddb60cfb62cd1b,500b09e8e4b0381c845610ee,3555.4957161690736
4d72680e27ddb60cfb62cd1b,54bf7329498ee3a6821ad499,3319.229329287955
4d72680e27ddb60cfb62cd1b,4b6d75aff964a520bc752ce3,7484.555267974409
50a4dff8e4b065dfa28ea386,4ccc195a566aa09396fe1efd,1049.7942189093278
50a4dff8e4b065dfa28ea386,4f892dbee4b0202c05fd808a,3756.801219882551
50a4dff8e4b065dfa28ea386,504efbbee4b0ba7fa5af002f,1779.0485308880088
50a4dff8e4b065dfa28ea386,4cf414f4e9425481710279c5,331.95721444755105
50a4dff8e4b065dfa28ea386,4e427028c65b782238ef0038,900.7982650922712
5bc11aef840fc2002ce364a3,4bb759e11344b7130f9b9e04,7.312340812896732
5bc11aef840fc2002ce364a3,5be05d943b8307002c24158b,42.33193688597946
5bc11aef840fc2002ce364a3,5bd85a200868a2002c24a776,15.188478968752081
5bc11aef840fc2002ce364a3,5e36a087a2775e000780c08f,44.38399005618695
5bc11aef840fc2002ce364a3,5bd801f0c47cf9002c7d52bd,25.26359080691577
4c42dd53ce54e21e6b480d1a,4c684102607ad13a1417a82b,1074.7152851467636
4c42dd53ce54e21e6b480d1a,4b8cf019f964a52079e132e3,1627.0448233227837
4c42dd53ce54e21e6b480d1a,4bb759e11344b7130f9b9e04,216.93469186043794
4c42dd53ce54e21e6b480d1a,4ccc195a566aa09396fe1efd,1238.7468905095232
4c42dd53ce54e21e6b480d1a,4f892dbee4b0202c05fd808a,3655.649409718103
4ba4d406f964a520beb838e3,512a553fe4b038698ed87d20,23.24400876889937
4ba4d406f964a520beb838e3,4efb4312b8f72ebeabb17f07,17.38094162983352
4ba4d406f964a520beb838e3,4cd53e9689eb6dcb1f4e271e,15.29125997503707
4ba4d406f964a520beb838e3,4cf63d48e308236aefe9e4ac,296.52334389986555
4c88f3f7a0ffb60ca42726c5,4befd08051f2c9b69cecf092,24.276623281605904
4c88f3f7a0ffb60ca42726c5,4ce931abe1eeb60cacaca7ae,82.51983574597764
4c88f3f7a0ffb60ca42726c5,4ba4d406f964a520beb838e3,602.9580962305622
4c88f3f7a0ffb60ca42726c5,4e077d8a1f6e2110338d5e67,148.87980173109835
4b4dcf5ef964a5203cd826e3,4befd08051f2c9b69cecf092,754.1987118024477
4b4dcf5ef964a5203cd826e3,4ba4d406f964a520beb838e3,1236.8536426202966
4da04cb458c2224b2cde4e79,4bd835c009ecb7135f44487c,63.87089355139207
4da04cb458c2224b2cde4e79,4d6b86792bf054815739d0ed,70.2739155534153
4da04cb458c2224b2cde4e79,4c684102607ad13a1417a82b,1379.907772137722
4da04cb458c2224b2cde4e79,4c90a00e0b9e3704f4e5685e,217.91908204561125
4da04cb458c2224b2cde4e79,5644c35a498e1a0b4b641c88,94.52322451873884
5644c35a498e1a0b4b641c88,4bd835c009ecb7135f44487c,31.272194413034693
5644c35a498e1a0b4b641c88,4d6b86792bf054815739d0ed,30.3508437981398
5644c35a498e1a0b4b641c88,4c684102607ad13a1417a82b,1303.6873514756014
5644c35a498e1a0b4b641c88,4c90a00e0b9e3704f4e5685e,129.20561800827394
5644c35a498e1a0b4b641c88,569fce94498ed8ea3c01b2eb,173.89069486548163
4b519f33f964a520ff5027e3,4b67140ff964a520e6382be3,910.3089760936126
4b519f33f964a520ff5027e3,4c3073d416adc928712abf9c,69.24790212730245
4b519f33f964a520ff5027e3,500b09e8e4b0381c845610ee,463.06232606101304
4b519f33f964a520ff5027e3,4bd9a2a767b49c74d2952214,2866.0264904306105
4b519f33f964a520ff5027e3,504efbbee4b0ba7fa5af002f,1848.319405075697
4c3073d416adc928712abf9c,500b09e8e4b0381c845610ee,395.59267681014467
4c3073d416adc928712abf9c,4b519f33f964a520ff5027e3,69.24790212730245
4c3073d416adc928712abf9c,4b67140ff964a520e6382be3,979.3949525602213
4c3073d416adc928712abf9c,4bd9a2a767b49c74d2952214,2875.2889402464502
4c3073d416adc928712abf9c,537e1f34498e635a12b5fbde,389.35219311028385
4dd66584e4cd37c89390df4c,4bc1afd92a89ef3b21a0f288,3457.064097489067
4dd66584e4cd37c89390df4c,4b436174f964a52033df25e3,13.936407329613324
4dd66584e4cd37c89390df4c,4d2d9b56ae3a8cfa79eec670,739.6461002505157
4dd66584e4cd37c89390df4c,51922d28498ea8029b7b4a4b,1455.611224529826
4dd66584e4cd37c89390df4c,4dab0afe5da3ba8a4797f263,128.82418241977697
51922d28498ea8029b7b4a4b,52c54ed7498e9ad9961c271c,200.88849770631944
51922d28498ea8029b7b4a4b,4bc1b1d52a89ef3b73a1f288,186.0405190373599
51922d28498ea8029b7b4a4b,4dd66584e4cd37c89390df4c,1455.611224529826
51922d28498ea8029b7b4a4b,4c68269bf984a593391149f4,183.0200459314101
51922d28498ea8029b7b4a4b,4d2d9b56ae3a8cfa79eec670,850.4055970152316
583ae6974bc2f130362f7e9c,4bc1afd92a89ef3b21a0f288,124.35776327662728
583ae6974bc2f130362f7e9c,4bc09e8af8219c74dad0b110,173.28529267181798
583ae6974bc2f130362f7e9c,4c5e93da857ca5935006d0cb,153.13153741461483
583ae6974bc2f130362f7e9c,4b8034abf964a520375c30e3,5.74039749895256
583ae6974bc2f130362f7e9c,4c68269bf984a593391149f4,2233.476946419764
4c7b955097028cfa5f2fe1fe,4b8034abf964a520375c30e3,161.23171021455545
4c7b955097028cfa5f2fe1fe,4bc1afd92a89ef3b21a0f288,45.596444849951304
4c7b955097028cfa5f2fe1fe,4bc09e8af8219c74dad0b110,6.404135696625486
4c7b955097028cfa5f2fe1fe,4c5e93da857ca5935006d0cb,22.827702981004638
4c7b955097028cfa5f2fe1fe,4e769852d22d80eb33b9d479,54.758625760011064
526f843c498e61d3746268b9,504efbbee4b0ba7fa5af002f,134.92901839330892
526f843c498e61d3746268b9,5167eda8e4b03bc7ce6c0067,69.4132588866079
526f843c498e61d3746268b9,526f62a9498e4c1ef79a7482,20.873635494354545
526f843c498e61d3746268b9,55e1a0c2498e690703d8b2a9,56.093722102917866
526f843c498e61d3746268b9,4f89727ce4b0183205c58a82,566.7701537966403
5167eda8e4b03bc7ce6c0067,504efbbee4b0ba7fa5af002f,70.02987517386828
5167eda8e4b03bc7ce6c0067,526f843c498e61d3746268b9,69.4132588866079
5167eda8e4b03bc7ce6c0067,526f62a9498e4c1ef79a7482,85.7675329347477
5167eda8e4b03bc7ce6c0067,526fa5a911d25b5e686d453b,66.58321325991002
5167eda8e4b03bc7ce6c0067,55e1a0c2498e690703d8b2a9,68.25991402627605
526f62a9498e4c1ef79a7482,504efbbee4b0ba7fa5af002f,147.0085201287724
526f62a9498e4c1ef79a7482,5167eda8e4b03bc7ce6c0067,85.7675329347477
526f62a9498e4c1ef79a7482,526f843c498e61d3746268b9,20.873635494354545
526f62a9498e4c1ef79a7482,537e1f34498e635a12b5fbde,1398.5619632337584
526f62a9498e4c1ef79a7482,500b09e8e4b0381c845610ee,1394.4162451478894
526fa5a911d25b5e686d453b,504efbbee4b0ba7fa5af002f,4.494977045776979
526fa5a911d25b5e686d453b,5167eda8e4b03bc7ce6c0067,66.58321325991002
526fa5a911d25b5e686d453b,526f843c498e61d3746268b9,132.29126760445175
526fa5a911d25b5e686d453b,526f62a9498e4c1ef79a7482,144.82863482724608
526fa5a911d25b5e686d453b,4b6d75aff964a520bc752ce3,7174.102490364062
526fd47e11d28010779ee3e8,5167eda8e4b03bc7ce6c0067,65.34514486454066
526fd47e11d28010779ee3e8,504efbbee4b0ba7fa5af002f,79.24509600217596
526fd47e11d28010779ee3e8,526f843c498e61d3746268b9,85.95440389543516
526fd47e11d28010779ee3e8,526fa5a911d25b5e686d453b,79.38878600604778
526fd47e11d28010779ee3e8,526f62a9498e4c1ef79a7482,87.81103017196061
50753e0ee4b04d62dd4a0799,4b67140ff964a520e6382be3,59.98055102975675
50753e0ee4b04d62dd4a0799,4bb4dc9da7059521ecd01bce,44.75240816087683
50753e0ee4b04d62dd4a0799,515fe020498eebfea7adc671,77.95609049696077
50753e0ee4b04d62dd4a0799,52409a3c498e8150e0edcdec,37.426161688317556
50753e0ee4b04d62dd4a0799,4cd6be7cab19a093429546eb,39.36698253076109
4e720f5845dd2c5c1a78c203,4b67140ff964a520e6382be3,6.578162215009118
4e720f5845dd2c5c1a78c203,50dd7401498efa5d3ed5e1cc,64.08514175664679
4e720f5845dd2c5c1a78c203,515fe020498eebfea7adc671,30.571109897359136
4e720f5845dd2c5c1a78c203,4cd6be7cab19a093429546eb,21.811397949799165
4e720f5845dd2c5c1a78c203,4bd9a2a767b49c74d2952214,2839.8191082929116
4bd3648477b29c7451be9082,4c0981f4bbc676b0e85548d5,1278.9036617105078
4bd3648477b29c7451be9082,4ce69239595cb1f74f12bd14,962.2535591350942
4bd3648477b29c7451be9082,4c0aee01009a0f478959eabf,1796.7292864124345
4bd3648477b29c7451be9082,4bc64549d35d9c742477e23a,949.0565374110624
4bd3648477b29c7451be9082,4bdb569c383276b0b2ad7369,1129.0856532077357
50e053b9e4b00e61732d182f,4ce69239595cb1f74f12bd14,843.8530433142026
50e053b9e4b00e61732d182f,4bc64549d35d9c742477e23a,1025.2189018335328
50e053b9e4b00e61732d182f,4bdb569c383276b0b2ad7369,1007.6475897661587
50e053b9e4b00e61732d182f,524d49d811d2d8a467830dc6,689.7591837123905
50e053b9e4b00e61732d182f,4ed0f0f95c5c9528f9dc3474,1039.4384383450665
5369f5f0498ec8c04d962e7a,523d55c911d215c076db86e6,13.013421759319163
5369f5f0498ec8c04d962e7a,5686bd65498e91265bdd49f9,39.14430198834528
5369f5f0498ec8c04d962e7a,4ec0ce5db803bca7deb0aef1,37.864430070057665
5369f5f0498ec8c04d962e7a,52b9ad31498e4c5fcbea0485,82.70574754274455
5369f5f0498ec8c04d962e7a,4b67140ff964a520e6382be3,369.09304991888604
52b9ad31498e4c5fcbea0485,523d55c911d215c076db86e6,72.00473633668673
52b9ad31498e4c5fcbea0485,4ec0ce5db803bca7deb0aef1,108.9142221656778
52b9ad31498e4c5fcbea0485,5369f5f0498ec8c04d962e7a,82.70574754274455
52b9ad31498e4c5fcbea0485,5686bd65498e91265bdd49f9,120.76028762082184
52b9ad31498e4c5fcbea0485,52a89bc7498ef816e6923ee2,80.19536344890486
59c223ddc8b2fb2b7ea9e70e,58f316cce65d0c65157f9493,266.7844415904886
59c223ddc8b2fb2b7ea9e70e,59ec874435811b5c607545d5,600.7570452495875
59c223ddc8b2fb2b7ea9e70e,4c3073d416adc928712abf9c,26.139124332398897
59c223ddc8b2fb2b7ea9e70e,5a2e8855345cbe4a6a8af360,619.7055799790893
59c223ddc8b2fb2b7ea9e70e,500b09e8e4b0381c845610ee,404.26152851720724
5686bd65498e91265bdd49f9,4ec0ce5db803bca7deb0aef1,25.49116535889591
5686bd65498e91265bdd49f9,5369f5f0498ec8c04d962e7a,39.14430198834528
5686bd65498e91265bdd49f9,523d55c911d215c076db86e6,51.79673888543233
5686bd65498e91265bdd49f9,4b67140ff964a520e6382be3,346.16361657837444
5686bd65498e91265bdd49f9,52b9ad31498e4c5fcbea0485,120.76028762082184
54663211498e524c1642c669,4cf0ea00e9425481530c67c5,753.4300985960358
54663211498e524c1642c669,53fdc7c9498e72388cf57513,158.88258681339858
54663211498e524c1642c669,4f892dbee4b0202c05fd808a,1789.8925334411144
54663211498e524c1642c669,4b6d75aff964a520bc752ce3,4211.821800312203
54663211498e524c1642c669,59ce4c1db9ac38595db68c37,37.487410468275215
54fa0b11498e479354c185e7,4cf0ea00e9425481530c67c5,929.2635582685085
54fa0b11498e479354c185e7,53fdc7c9498e72388cf57513,333.1080828534273
54fa0b11498e479354c185e7,54663211498e524c1642c669,175.90334376134115
54fa0b11498e479354c185e7,4f892dbee4b0202c05fd808a,1962.6500279876918
54fa0b11498e479354c185e7,4d208443b69c6dcbfab57095,76.79268130251431
4cf414f4e9425481710279c5,50a4dff8e4b065dfa28ea386,331.95721444755105
4cf414f4e9425481710279c5,4f892dbee4b0202c05fd808a,3722.2634346930704
4cf414f4e9425481710279c5,504efbbee4b0ba7fa5af002f,1576.025839997835
4cf414f4e9425481710279c5,4ccc195a566aa09396fe1efd,1280.9930861705086
4cf414f4e9425481710279c5,55982dd2498e69837a9a9f9e,111.11733768528381
4e427028c65b782238ef0038,4ccc195a566aa09396fe1efd,1321.667216305096
4e427028c65b782238ef0038,50a4dff8e4b065dfa28ea386,900.7982650922712
4e427028c65b782238ef0038,54dc69df498ee59bada5c385,127.86169039298856
4e427028c65b782238ef0038,4dd514ed7d8b194450d0c423,248.38562418658933
4e427028c65b782238ef0038,4f892dbee4b0202c05fd808a,4404.604600763723
5be05d943b8307002c24158b,4bb759e11344b7130f9b9e04,39.433789488226004
5be05d943b8307002c24158b,4c42dd53ce54e21e6b480d1a,194.66724395483064
5be05d943b8307002c24158b,5bc11aef840fc2002ce364a3,42.33193688597946
5be05d943b8307002c24158b,5bd85a200868a2002c24a776,45.946902298614646
5be05d943b8307002c24158b,4c684102607ad13a1417a82b,1262.8849720943906
5bd85a200868a2002c24a776,4bb759e11344b7130f9b9e04,9.778841641216651
5bd85a200868a2002c24a776,5be05d943b8307002c24158b,45.946902298614646
5bd85a200868a2002c24a776,5e36a087a2775e000780c08f,33.56865684672116
5bd85a200868a2002c24a776,4c42dd53ce54e21e6b480d1a,226.70701027547915
5bd85a200868a2002c24a776,5bc11aef840fc2002ce364a3,15.188478968752081
5e36a087a2775e000780c08f,4bb759e11344b7130f9b9e04,42.33427878211195
5e36a087a2775e000780c08f,5bd85a200868a2002c24a776,33.56865684672116
5e36a087a2775e000780c08f,5bd801f0c47cf9002c7d52bd,67.09596055409094
5e36a087a2775e000780c08f,5bc11aef840fc2002ce364a3,44.38399005618695
5e36a087a2775e000780c08f,5be05d943b8307002c24158b,78.96091134404809
5bd801f0c47cf9002c7d52bd,4bb759e11344b7130f9b9e04,24.857846847613512
5bd801f0c47cf9002c7d52bd,5bc11aef840fc2002ce364a3,25.26359080691577
5bd801f0c47cf9002c7d52bd,5e36a087a2775e000780c08f,67.09596055409094
5bd801f0c47cf9002c7d52bd,5bd85a200868a2002c24a776,33.71095187951147
5bd801f0c47cf9002c7d52bd,5be05d943b8307002c24158b,19.466280287818883
512a553fe4b038698ed87d20,4ba4d406f964a520beb838e3,23.24400876889937
512a553fe4b038698ed87d20,4befd08051f2c9b69cecf092,613.2931316745105
512a553fe4b038698ed87d20,4efb4312b8f72ebeabb17f07,7.973666514352976
512a553fe4b038698ed87d20,4cf63d48e308236aefe9e4ac,319.7363346455742
4efb4312b8f72ebeabb17f07,4ba4d406f964a520beb838e3,17.38094162983352
4efb4312b8f72ebeabb17f07,512a553fe4b038698ed87d20,7.973666514352976
4efb4312b8f72ebeabb17f07,4cf63d48e308236aefe9e4ac,313.5224433913219
4efb4312b8f72ebeabb17f07,4da1da402939b1f77a8ffd56,86.28013434073732
4cd53e9689eb6dcb1f4e271e,4ba4d406f964a520beb838e3,15.29125997503707
4cd53e9689eb6dcb1f4e271e,4efb4312b8f72ebeabb17f07,18.153225837173622
4cd53e9689eb6dcb1f4e271e,512a553fe4b038698ed87d20,26.126891350881586
4cd53e9689eb6dcb1f4e271e,4befd08051f2c9b69cecf092,595.3553912225865
4cf63d48e308236aefe9e4ac,4ba4d406f964a520beb838e3,296.52334389986555
4cf63d48e308236aefe9e4ac,4befd08051f2c9b69cecf092,299.09508214115937
4cf63d48e308236aefe9e4ac,4f892dbee4b0202c05fd808a,5169.19030415472
4cf63d48e308236aefe9e4ac,512a553fe4b038698ed87d20,319.7363346455742
4ce931abe1eeb60cacaca7ae,4befd08051f2c9b69cecf092,106.72463413828464
4ce931abe1eeb60cacaca7ae,4ba4d406f964a520beb838e3,644.6645383072552
4ce931abe1eeb60cacaca7ae,4b4dcf5ef964a5203cd826e3,653.0529594205624
4ce931abe1eeb60cacaca7ae,4c6ed7bcd97fa143612af1ca,246.23138973546588
4e077d8a1f6e2110338d5e67,4befd08051f2c9b69cecf092,146.67652375940457
4e077d8a1f6e2110338d5e67,57063163498e8b4d165c0487,136.3313569265193
4e077d8a1f6e2110338d5e67,4b4dcf5ef964a5203cd826e3,735.4980386404659
4e077d8a1f6e2110338d5e67,4d6b86792bf054815739d0ed,2552.70941860177
569fce94498ed8ea3c01b2eb,4c90a00e0b9e3704f4e5685e,46.650806024077674
569fce94498ed8ea3c01b2eb,4bd835c009ecb7135f44487c,204.58200148462765
569fce94498ed8ea3c01b2eb,4d6b86792bf054815739d0ed,193.90988513594635
569fce94498ed8ea3c01b2eb,4c684102607ad13a1417a82b,1222.806190582135
4b436174f964a52033df25e3,4dd66584e4cd37c89390df4c,13.936407329613324
4b436174f964a52033df25e3,4dab0afe5da3ba8a4797f263,116.48137456940495
4b436174f964a52033df25e3,4bc1afd92a89ef3b21a0f288,3453.1306791667907
4b436174f964a52033df25e3,51922d28498ea8029b7b4a4b,1450.2074367216183
4b436174f964a52033df25e3,4d2d9b56ae3a8cfa79eec670,740.3809015629639
4d2d9b56ae3a8cfa79eec670,4dd66584e4cd37c89390df4c,739.6461002505157
4d2d9b56ae3a8cfa79eec670,51922d28498ea8029b7b4a4b,850.4055970152316
4d2d9b56ae3a8cfa79eec670,4bc1afd92a89ef3b21a0f288,2768.146844158972
4d2d9b56ae3a8cfa79eec670,55eb1571498e8a5c558354b6,562.0082180960945
4d2d9b56ae3a8cfa79eec670,4b436174f964a52033df25e3,740.3809015629639
4dab0afe5da3ba8a4797f263,4dfba326a8096fbd6be7dfb0,56.716327392845386
4dab0afe5da3ba8a4797f263,524d49d811d2d8a467830dc6,15971.927975898114
4dab0afe5da3ba8a4797f263,4c8c0dd45e048cfae168c9cd,2513.806171506483
4dab0afe5da3ba8a4797f263,4d2d9b56ae3a8cfa79eec670,697.8863654193796
4dab0afe5da3ba8a4797f263,4ce69239595cb1f74f12bd14,16429.92320415118
52c54ed7498e9ad9961c271c,51922d28498ea8029b7b4a4b,200.88849770631944
52c54ed7498e9ad9961c271c,4bc1b1d52a89ef3b73a1f288,28.550107962682254
52c54ed7498e9ad9961c271c,4c68269bf984a593391149f4,74.55648619429782
52c54ed7498e9ad9961c271c,50ba5bc0e4b0fa375c0a7548,61.16865904090804
52c54ed7498e9ad9961c271c,53288024498e545e67631c16,5.960003353261014
4bc1b1d52a89ef3b73a1f288,4c68269bf984a593391149f4,46.759017894248075
4bc1b1d52a89ef3b73a1f288,50ba5bc0e4b0fa375c0a7548,69.86311644825832
4bc1b1d52a89ef3b73a1f288,4bc1afd92a89ef3b21a0f288,2074.249227346611
4bc1b1d52a89ef3b73a1f288,55757a6e498ea8f0c5da8735,29.693011922621547
4bc1b1d52a89ef3b73a1f288,52d98881498ea04ea940fb89,43.65680481563241
4c68269bf984a593391149f4,4bc1b1d52a89ef3b73a1f288,46.759017894248075
4c68269bf984a593391149f4,4bc1afd92a89ef3b21a0f288,2114.4469137447154
4c68269bf984a593391149f4,51922d28498ea8029b7b4a4b,183.0200459314101
4c68269bf984a593391149f4,52c54ed7498e9ad9961c271c,74.55648619429782
4c68269bf984a593391149f4,4fc4f31fe4b005f3f4137c15,49.15897566629993
4e769852d22d80eb33b9d479,4bc1afd92a89ef3b21a0f288,17.73007829309709
4e769852d22d80eb33b9d479,4bc09e8af8219c74dad0b110,61.09824647921169
4e769852d22d80eb33b9d479,4cc7f1be0fa2721eb5e660b1,83.70992932101332
4e769852d22d80eb33b9d479,4c5e93da857ca5935006d0cb,43.397385367784416
4e769852d22d80eb33b9d479,4b8034abf964a520375c30e3,106.47863217501245
